 School Information ,,,,,,,State English Learners,,Students with Disabilities,,Economically Disadvantaged,
School ID, School Name , Network ,Governance,School Type,Community Area,Total,N,%,N,%,N,%
400009,GLOBAL CITIZENSHIP,Charter,Charter,Traditional,GARFIELD RIDGE,489,163,33.3%,73,14.9%,288,58.9%
400011,LOCKE A,Charter,Charter,Traditional,EAST GARFIELD PARK,348,0,0.0%,46,13.2%,275,79.0%
400013,ASPIRA - EARLY COLLEGE HS,Charter,Charter,Traditional,AVONDALE,279,177,63.4%,41,14.7%,244,87.5%
400017,ASPIRA - HAUGAN,Charter,Charter,Traditional,ALBANY PARK,83,58,69.9%,6,7.2%,71,85.5%
400021,CATALYST - CIRCLE ROCK,Charter,Charter,Traditional,AUSTIN,522,0,0.0%,64,12.3%,440,84.3%
400022,CHIARTS HS,Contract,Contract,Traditional,WEST TOWN,577,50,8.7%,79,13.7%,354,61.4%
400023,CICS - AVALON/SOUTH SHORE,Charter,Charter,Traditional,AVALON PARK,476,6,1.3%,64,13.4%,406,85.3%
400024,CICS - BASIL,Charter,Charter,Traditional,NEW CITY,548,84,15.3%,71,13.0%,454,82.8%
400025,CICS - BUCKTOWN,Charter,Charter,Traditional,LOGAN SQUARE,521,103,19.8%,98,18.8%,336,64.5%
400026,CICS - LOOMIS,Charter,Charter,Traditional,WASHINGTON HEIGHTS,339,1,0.3%,25,7.4%,208,61.4%
400027,CICS - IRVING PARK,Charter,Charter,Traditional,IRVING PARK,454,168,37.0%,66,14.5%,302,66.5%
400028,CICS - PRAIRIE,Charter,Charter,Traditional,WEST PULLMAN,413,93,22.5%,68,16.5%,356,86.2%
400029,CICS - WASHINGTON PARK,Charter,Charter,Traditional,WASHINGTON PARK,493,6,1.2%,65,13.2%,407,82.6%
400030,CICS - WEST BELDEN,Charter,Charter,Traditional,BELMONT CRAGIN,524,251,47.9%,80,15.3%,422,80.5%
400031,CICS - WRIGHTWOOD,Charter,Charter,Traditional,ASHBURN,615,2,0.3%,64,10.4%,500,81.3%
400032,CICS - ELLISON HS,Charter,Charter,Traditional,AUBURN GRESHAM,229,2,0.9%,46,20.1%,206,90.0%
400033,CICS - LONGWOOD,Charter,Charter,Traditional,WASHINGTON HEIGHTS,"1,113",11,1.0%,195,17.5%,"1,015",91.2%
400034,CICS - NORTHTOWN HS,Charter,Charter,Traditional,NORTH PARK,872,381,43.7%,176,20.2%,728,83.5%
400035,CHICAGO MATH & SCIENCE HS,Charter,Charter,Traditional,ROGERS PARK,617,261,42.3%,61,9.9%,541,87.7%
400039,ERIE,Charter,Charter,Traditional,WEST TOWN,404,170,42.1%,58,14.4%,341,84.4%
400044,KIPP - ASCEND,Charter,Charter,Traditional,NORTH LAWNDALE,903,51,5.6%,118,13.1%,779,86.3%
400046,LEARN - BUTLER,Charter,Charter,Traditional,NORTH LAWNDALE,481,1,0.2%,48,10.0%,420,87.3%
400047,LEARN - CAMPBELL,Charter,Charter,Traditional,EAST GARFIELD PARK,358,4,1.1%,51,14.2%,295,82.4%
400048,LEARN - EXCEL,Charter,Charter,Traditional,EAST GARFIELD PARK,384,3,0.8%,39,10.2%,294,76.6%
400049,LEGACY,Charter,Charter,Traditional,NORTH LAWNDALE,465,4,0.9%,77,16.6%,401,86.2%
400050,NAMASTE,Charter,Charter,Traditional,MCKINLEY PARK,369,183,49.6%,88,23.8%,280,75.9%
400051,NOBLE - NOBLE HS,Charter,Charter,Traditional,WEST TOWN,685,194,28.3%,92,13.4%,558,81.5%
400052,NOBLE - COMER,Charter,Charter,Traditional,GREATER GRAND CROSSING,"1,005",16,1.6%,165,16.4%,912,90.7%
400053,NOBLE - GOLDER HS,Charter,Charter,Traditional,WEST TOWN,643,225,35.0%,86,13.4%,586,91.1%
400054,NOBLE - PRITZKER HS,Charter,Charter,Traditional,HERMOSA,989,427,43.2%,117,11.8%,922,93.2%
400055,NOBLE - RAUNER HS,Charter,Charter,Traditional,WEST TOWN,556,157,28.2%,84,15.1%,453,81.5%
400056,NOBLE - ROWE CLARK HS,Charter,Charter,Traditional,HUMBOLDT PARK,311,25,8.0%,71,22.8%,302,97.1%
400057,NOBLE - UIC HS,Charter,Charter,Traditional,NEAR WEST SIDE,949,166,17.5%,124,13.1%,828,87.2%
400058,NLCP - CHRISTIANA HS,Charter,Charter,Traditional,NORTH LAWNDALE,251,1,0.4%,69,27.5%,247,98.4%
400059,NLCP - COLLINS HS,Charter,Charter,Traditional,NORTH LAWNDALE,268,1,0.4%,45,16.8%,262,97.8%
400060,AHS - PASSAGES,Charter,Charter,Traditional,EDGEWATER,385,271,70.4%,37,9.6%,271,70.4%
400061,PERSPECTIVES - LEADERSHIP HS,Charter,Charter,Traditional,CHATHAM,821,3,0.4%,111,13.5%,760,92.6%
400062,PERSPECTIVES - TECH HS,Charter,Charter,Traditional,CHATHAM,312,1,0.3%,49,15.7%,281,90.1%
400064,PERSPECTIVES - JOSLIN HS,Charter,Charter,Traditional,NEAR SOUTH SIDE,317,4,1.3%,65,20.5%,294,92.7%
400066,PERSPECTIVES - MATH & SCI HS,Charter,Charter,Traditional,DOUGLAS,394,1,0.3%,56,14.2%,375,95.2%
400068,PLATO,Contract,Contract,Traditional,AUSTIN,172,0,0.0%,21,12.2%,158,91.9%
400069,POLARIS,Charter,Charter,Traditional,HUMBOLDT PARK,361,5,1.4%,47,13.0%,307,85.0%
400071,PROVIDENCE ENGLEWOOD,Charter,Charter,Traditional,WEST ENGLEWOOD,434,12,2.8%,39,9.0%,348,80.2%
400075,U OF C - DONOGHUE,Charter,Charter,Traditional,OAKLAND,500,18,3.6%,41,8.2%,400,80.0%
400076,U OF C - NKO,Charter,Charter,Traditional,KENWOOD,309,2,0.6%,41,13.3%,225,72.8%
400077,U OF C - WOODLAWN HS,Charter,Charter,Traditional,WOODLAWN,603,10,1.7%,87,14.4%,523,86.7%
400079,ACERO - ZIZUMBO,Charter,Charter,Traditional,ARCHER HEIGHTS,534,271,50.7%,55,10.3%,410,76.8%
400080,ACERO - TORRES,Charter,Charter,Traditional,ARCHER HEIGHTS,528,323,61.2%,70,13.3%,455,86.2%
400081,ACERO - DE LAS CASAS,Charter,Charter,Traditional,LOWER WEST SIDE,225,140,62.2%,42,18.7%,181,80.4%
400082,ACERO - FUENTES,Charter,Charter,Traditional,AVONDALE,371,209,56.3%,61,16.4%,317,85.4%
400083,ACERO - PAZ,Charter,Charter,Traditional,SOUTH LAWNDALE,101,67,66.3%,15,14.9%,91,90.1%
400084,ACERO - TAMAYO,Charter,Charter,Traditional,GAGE PARK,268,176,65.7%,49,18.3%,232,86.6%
400085,ACERO - GARCIA HS,Charter,Charter,Traditional,ARCHER HEIGHTS,655,342,52.2%,118,18.0%,580,88.5%
400086,URBAN PREP - ENGLEWOOD HS,Charter,Charter,Traditional,ENGLEWOOD,87,6,6.9%,25,28.7%,81,93.1%
400089,ACERO - MARQUEZ,Charter,Charter,Traditional,BRIGHTON PARK,508,331,65.2%,80,15.7%,451,88.8%
400091,CHICAGO TECH HS,Contract,Contract,Traditional,NEAR WEST SIDE,328,19,5.8%,66,20.1%,305,93.0%
400092,CICS - BOND,Charter,Charter,Traditional,RIVERDALE,279,1,0.4%,34,12.2%,226,81.0%
400094,EPIC HS,Charter,Charter,Traditional,SOUTH CHICAGO,242,75,31.0%,46,19.0%,221,91.3%
400096,ROWE,Charter,Charter,Traditional,WEST TOWN,635,219,34.5%,73,11.5%,506,79.7%
400097,NOBLE - BULLS HS,Charter,Charter,Traditional,NEAR WEST SIDE,"1,067",170,15.9%,215,20.1%,967,90.6%
400098,NOBLE - MUCHIN HS,Charter,Charter,Traditional,LOOP,916,169,18.4%,128,14.0%,744,81.2%
400101,ACERO - CISNEROS,Charter,Charter,Traditional,BRIGHTON PARK,327,202,61.8%,54,16.5%,274,83.8%
400104,INSTITUTO - HEALTH,Charter,Charter,Traditional,LOWER WEST SIDE,562,351,62.5%,91,16.2%,537,95.6%
400105,URBAN PREP - BRONZEVILLE HS,Charter,Charter,Traditional,DOUGLAS,143,2,1.4%,33,23.1%,128,89.5%
400106,NOBLE - JOHNSON HS,Charter,Charter,Traditional,ENGLEWOOD,505,13,2.6%,110,21.8%,477,94.5%
400107,LEARN - SOUTH CHICAGO,Charter,Charter,Traditional,SOUTH CHICAGO,390,28,7.2%,39,10.0%,311,79.7%
400111,LEARN - PERKINS,Charter,Charter,Traditional,AUBURN GRESHAM,482,5,1.0%,58,12.0%,372,77.2%
400112,ACERO - IDAR,Charter,Charter,Traditional,GAGE PARK,529,333,62.9%,61,11.5%,456,86.2%
400114,ACERO - SANTIAGO,Charter,Charter,Traditional,WEST TOWN,223,115,51.6%,37,16.6%,188,84.3%
400115,CATALYST - MARIA,Charter,Charter,Traditional,CHICAGO LAWN,539,130,24.1%,75,13.9%,480,89.1%
400116,MONTESSORI ENGLEWOOD,Charter,Charter,Traditional,WEST ENGLEWOOD,354,50,14.1%,62,17.5%,298,84.2%
400117,NOBLE - HANSBERRY HS,Charter,Charter,Traditional,AUBURN GRESHAM,528,4,0.8%,121,22.9%,478,90.5%
400118,NOBLE - DRW HS,Charter,Charter,Traditional,NORTH LAWNDALE,317,5,1.6%,75,23.7%,301,95.0%
400119,LEGAL PREP HS,Charter,Charter,Traditional,WEST GARFIELD PARK,216,3,1.4%,47,21.8%,202,93.5%
400120,ACERO - CLEMENTE,Charter,Charter,Traditional,BELMONT CRAGIN,463,215,46.4%,71,15.3%,383,82.7%
400121,ACERO - DE LA CRUZ,Charter,Charter,Traditional,WEST RIDGE,430,176,40.9%,81,18.8%,378,87.9%
400123,YCCS - SCHOLASTIC ACHIEVEMENT,Options,Charter,Options,AUSTIN,117,1,0.9%,23,19.7%,110,94.0%
400124,YCCS - MCKINLEY,Options,Charter,Options,DOUGLAS,92,1,1.1%,24,26.1%,90,97.8%
400125,YCCS - ASPIRA PANTOJA,Options,Charter,Options,AVONDALE,184,98,53.3%,25,13.6%,157,85.3%
400126,YCCS - ASSOCIATION HOUSE,Options,Charter,Options,HUMBOLDT PARK,100,19,19.0%,23,23.0%,91,91.0%
400128,YCCS - CCA ACADEMY,Options,Charter,Options,NORTH LAWNDALE,120,2,1.7%,29,24.2%,115,95.8%
400129,YCCS - PROGRESSIVE LEADERSHIP,Options,Charter,Options,GREATER GRAND CROSSING,114,0,0.0%,19,16.7%,109,95.6%
400130,YCCS - YOUTH DEVELOPMENT,Options,Charter,Options,AUBURN GRESHAM,83,2,2.4%,21,25.3%,73,88.0%
400131,YCCS - CAMPOS,Options,Charter,Options,WEST TOWN,187,84,44.9%,23,12.3%,162,86.6%
400133,YCCS - INNOVATIONS,Options,Charter,Options,LOOP,395,13,3.3%,77,19.5%,378,95.7%
400135,YCCS - LATINO YOUTH,Options,Charter,Options,SOUTH LAWNDALE,168,65,38.7%,33,19.6%,153,91.1%
400136,YCCS - OLIVE HARVEY,Options,Charter,Options,PULLMAN,122,7,5.7%,26,21.3%,111,91.0%
400139,YCCS - SULLIVAN,Options,Charter,Options,AVALON PARK,277,5,1.8%,45,16.2%,275,99.3%
400141,YCCS - TRUMAN,Options,Charter,Options,UPTOWN,177,63,35.6%,30,16.9%,138,78.0%
400143,YCCS - WEST TOWN,Options,Charter,Options,HUMBOLDT PARK,105,9,8.6%,20,19.0%,98,93.3%
400144,YCCS - WEST,Options,Charter,Options,AUSTIN,73,3,4.1%,17,23.3%,70,95.9%
400145,YCCS - YOUTH CONNECTION,Options,Charter,Options,LOWER WEST SIDE,102,8,7.8%,11,10.8%,95,93.1%
400146,KIPP - ACADEMY,Charter,Charter,Traditional,AUSTIN,664,61,9.2%,112,16.9%,552,83.1%
400147,CHICAGO EXCEL HS,Options,Contract,Options,MORGAN PARK,268,3,1.1%,31,11.6%,245,91.4%
400149,ACERO - SOTO HS,Charter,Charter,Traditional,GAGE PARK,551,313,56.8%,93,16.9%,523,94.9%
400150,YCCS - CHATHAM,Options,Charter,Options,CHATHAM,108,2,1.9%,22,20.4%,102,94.4%
400151,LEARN - 7,Charter,Charter,Traditional,EAST GARFIELD PARK,152,1,0.7%,20,13.2%,118,77.6%
400153,ACERO - BRIGHTON PARK,Charter,Charter,Traditional,BRIGHTON PARK,466,264,56.7%,50,10.7%,398,85.4%
400156,NOBLE - BUTLER HS,Charter,Charter,Traditional,PULLMAN,691,17,2.5%,109,15.8%,639,92.5%
400157,NOBLE - BAKER HS,Charter,Charter,Traditional,SOUTH CHICAGO,283,34,12.0%,66,23.3%,264,93.3%
400159,CHRISTOPHER HOUSE,Charter,Charter,Traditional,BELMONT CRAGIN,472,219,46.4%,77,16.3%,394,83.5%
400161,CHICAGO COLLEGIATE,Charter,Charter,Traditional,WEST PULLMAN,252,1,0.4%,46,18.3%,227,90.1%
400162,INTRINSIC HS,Charter,Charter,Traditional,IRVING PARK,984,387,39.3%,165,16.8%,889,90.3%
400163,KIPP - BLOOM,Charter,Charter,Traditional,ENGLEWOOD,944,18,1.9%,112,11.9%,812,86.0%
400164,INSTITUTO - JUSTICE HS,Options,Charter,Options,LOWER WEST SIDE,96,53,55.2%,8,8.3%,73,76.0%
400165,LEARN - MIDDLE,Charter,Charter,Traditional,EAST GARFIELD PARK,176,0,0.0%,20,11.4%,163,92.6%
400167,HORIZON - SOUTHWEST,Charter,Charter,Traditional,GAGE PARK,737,233,31.6%,84,11.4%,668,90.6%
400168,GREAT LAKES,Charter,Charter,Traditional,SOUTH CHICAGO,544,33,6.1%,70,12.9%,461,84.7%
400169,NOBLE - ITW SPEER HS,Charter,Charter,Traditional,BELMONT CRAGIN,"1,130",462,40.9%,154,13.6%,"1,037",91.8%
400170,NOBLE - ACADEMY HS,Charter,Charter,Traditional,NEAR NORTH SIDE,402,77,19.2%,55,13.7%,352,87.6%
400172,ASPIRA - BUSINESS & FINANCE HS,Charter,Charter,Traditional,AVONDALE,419,238,56.8%,97,23.2%,379,90.5%
400173,PATHWAYS - BRIGHTON PARK HS,Options,ALOP,Options,BRIGHTON PARK,422,121,28.7%,60,14.2%,397,94.1%
400175,EXCEL SOUTH SHORE HS,Options,Contract,Options,SOUTH SHORE,216,7,3.2%,24,11.1%,192,88.9%
400176,EXCEL SOUTHWEST HS,Options,Contract,Options,CHICAGO LAWN,186,41,22.0%,22,11.8%,175,94.1%
400178,MOVING EVEREST,Charter,Charter,Traditional,AUSTIN,758,12,1.6%,132,17.4%,649,85.6%
400179,NOBLE - MANSUETO HS,Charter,Charter,Traditional,BRIGHTON PARK,"1,087",516,47.5%,143,13.2%,"1,008",92.7%
400180,KIPP - ONE,Charter,Charter,Traditional,HUMBOLDT PARK,"1,012",314,31.0%,109,10.8%,863,85.3%
400181,ART IN MOTION,Charter,Charter,Traditional,SOUTH SHORE,601,6,1.0%,127,21.1%,564,93.8%
400182,CATALYST MARIA HS,Charter,Charter,Traditional,CHICAGO LAWN,565,187,33.1%,93,16.5%,534,94.5%
609674,CHICAGO VOCATIONAL HS,Network 17,District,Traditional,AVALON PARK,579,65,11.2%,174,30.1%,517,89.3%
609676,DUNBAR HS,Network 17,District,Traditional,DOUGLAS,334,6,1.8%,70,21.0%,321,96.1%
609678,JONES HS,Network 15,District,Traditional,LOOP,"1,939",68,3.5%,181,9.3%,823,42.4%
609679,PROSSER HS,Network 15,District,Traditional,BELMONT CRAGIN,"1,165",378,32.4%,181,15.5%,"1,075",92.3%
609680,PAYTON HS,Network 15,District,Traditional,NEAR NORTH SIDE,"1,257",33,2.6%,131,10.4%,433,34.4%
609682,RICHARDS HS,Network 16,District,Traditional,NEW CITY,305,156,51.1%,57,18.7%,286,93.8%
609691,NORTH-GRAND HS,Network 15,District,Traditional,HUMBOLDT PARK,"1,015",447,44.0%,193,19.0%,933,91.9%
609692,SIMEON HS,Network 17,District,Traditional,CHATHAM,"1,052",7,0.7%,165,15.7%,972,92.4%
609693,WESTINGHOUSE HS,Network 15,District,Traditional,HUMBOLDT PARK,"1,226",109,8.9%,114,9.3%,997,81.3%
609694,HANCOCK HS,Network 15,District,Traditional,CLEARING,"1,043",43,4.1%,61,5.8%,732,70.2%
609695,AMUNDSEN HS,Network 14,District,Traditional,LINCOLN SQUARE,"1,427",211,14.8%,244,17.1%,602,42.2%
609698,BOGAN HS,Network 16,District,Traditional,ASHBURN,599,165,27.5%,140,23.4%,528,88.1%
609704,FARRAGUT HS,Network 16,District,Traditional,SOUTH LAWNDALE,435,200,46.0%,118,27.1%,402,92.4%
609705,FENGER HS,Network 17,District,Traditional,ROSELAND,196,4,2.0%,46,23.5%,179,91.3%
609708,FOREMAN HS,Network 14,District,Traditional,PORTAGE PARK,563,330,58.6%,111,19.7%,493,87.6%
609709,GAGE PARK HS,Network 16,District,Traditional,GAGE PARK,342,225,65.8%,66,19.3%,299,87.4%
609710,HARLAN HS,Network 17,District,Traditional,ROSELAND,159,8,5.0%,36,22.6%,145,91.2%
609712,HIRSCH HS,Network 17,District,Traditional,GREATER GRAND CROSSING,102,7,6.9%,22,21.6%,88,86.3%
609713,HYDE PARK HS,Network 17,District,Traditional,WOODLAWN,755,12,1.6%,146,19.3%,726,96.2%
609715,KELLY HS,Network 16,District,Traditional,BRIGHTON PARK,"1,604",842,52.5%,270,16.8%,"1,478",92.1%
609716,KELVYN PARK HS,Network 14,District,Traditional,HERMOSA,542,303,55.9%,98,18.1%,483,89.1%
609718,KENNEDY HS,Network 16,District,Traditional,GARFIELD RIDGE,"1,550",396,25.5%,310,20.0%,"1,141",73.6%
609719,LAKE VIEW HS,Network 14,District,Traditional,LAKE VIEW,"1,369",378,27.6%,209,15.3%,"1,129",82.5%
609720,LANE TECH HS,Network 14,District,Traditional,NORTH CENTER,"4,596",173,3.8%,488,10.6%,"1,767",38.4%
609722,MANLEY HS,Network 15,District,Traditional,EAST GARFIELD PARK,128,2,1.6%,37,28.9%,118,92.2%
609723,MARSHALL HS,Network 15,District,Traditional,EAST GARFIELD PARK,199,2,1.0%,58,29.1%,178,89.4%
609724,MATHER HS,Network 14,District,Traditional,WEST RIDGE,"1,665",808,48.5%,259,15.6%,"1,382",83.0%
609725,MORGAN PARK HS,Network 16,District,Traditional,MORGAN PARK,"1,218",15,1.2%,157,12.9%,984,80.8%
609726,BROOKS HS,ISP,District,Traditional,ROSELAND,994,8,0.8%,70,7.0%,645,64.9%
609727,PHILLIPS HS,Network 17,District,Traditional,DOUGLAS,402,12,3.0%,82,20.4%,373,92.8%
609728,ROOSEVELT HS,Network 14,District,Traditional,ALBANY PARK,"1,055",699,66.3%,168,15.9%,880,83.4%
609729,SCHURZ HS,Network 14,District,Traditional,IRVING PARK,"1,127",608,53.9%,244,21.7%,949,84.2%
609730,SENN HS,Network 14,District,Traditional,EDGEWATER,"1,496",503,33.6%,190,12.7%,"1,079",72.1%
609732,STEINMETZ HS,Network 14,District,Traditional,BELMONT CRAGIN,"1,059",514,48.5%,169,16.0%,922,87.1%
609733,SULLIVAN HS,Network 14,District,Traditional,ROGERS PARK,713,466,65.4%,141,19.8%,577,80.9%
609734,TAFT HS,Network 14,District,Traditional,NORWOOD PARK,"4,303",991,23.0%,504,11.7%,"2,494",58.0%
609735,TILDEN HS,Network 16,District,Traditional,NEW CITY,239,90,37.7%,71,29.7%,193,80.8%
609737,VON STEUBEN HS,Network 14,District,Traditional,NORTH PARK,"1,675",260,15.5%,123,7.3%,"1,100",65.7%
609738,LINCOLN PARK HS,Network 14,District,Traditional,LINCOLN PARK,"2,179",187,8.6%,169,7.8%,"1,094",50.2%
609739,WASHINGTON HS,Network 17,District,Traditional,EAST SIDE,"1,468",505,34.4%,248,16.9%,"1,235",84.1%
609740,WELLS HS,Network 15,District,Traditional,WEST TOWN,366,151,41.3%,64,17.5%,284,77.6%
609741,HUBBARD HS,Network 16,District,Traditional,WEST LAWN,"1,588",643,40.5%,209,13.2%,"1,444",90.9%
609744,NORTHSIDE LEARNING HS,Network 14,District,Specialty,NORTH PARK,269,132,49.1%,269,100.0%,217,80.7%
609745,SOUTHSIDE HS,Network 16,District,Specialty,WEST ENGLEWOOD,376,109,29.0%,376,100.0%,329,87.5%
609746,KENWOOD HS,Network 17,District,Traditional,KENWOOD,"2,233",62,2.8%,128,5.7%,"1,367",61.2%
609748,YORK HS,Options,District,Options,SOUTH LAWNDALE,161,11,6.8%,55,34.2%,149,92.5%
609749,NORTHSIDE PREP HS,Network 14,District,Traditional,NORTH PARK,"1,063",51,4.8%,138,13.0%,427,40.2%
609750,SIMPSON HS,Options,District,Options,NEAR WEST SIDE,34,12,35.3%,7,20.6%,33,97.1%
609751,KING HS,Network 17,District,Traditional,KENWOOD,799,12,1.5%,99,12.4%,685,85.7%
609753,CHICAGO AGRICULTURE HS,ISP,District,Traditional,MOUNT GREENWOOD,758,51,6.7%,190,25.1%,415,54.7%
609754,CHICAGO MILITARY HS,Network 17,District,Traditional,DOUGLAS,195,26,13.3%,36,18.5%,179,91.8%
609755,YOUNG HS,Network 15,District,Traditional,NEAR WEST SIDE,"2,210",72,3.3%,213,9.6%,797,36.1%
609756,CURIE HS,Network 15,District,Traditional,ARCHER HEIGHTS,"2,888",984,34.1%,336,11.6%,"2,554",88.4%
609759,CLEMENTE HS,Network 15,District,Traditional,WEST TOWN,673,318,47.3%,138,20.5%,604,89.7%
609760,CARVER MILITARY HS,Network 17,District,Traditional,RIVERDALE,416,90,21.6%,60,14.4%,369,88.7%
609761,CORLISS HS,Network 17,District,Traditional,PULLMAN,364,33,9.1%,80,22.0%,305,83.8%
609762,JULIAN HS,Network 16,District,Traditional,WASHINGTON HEIGHTS,404,8,2.0%,116,28.7%,380,94.1%
609764,JUAREZ HS,Network 15,District,Traditional,LOWER WEST SIDE,"1,520",703,46.3%,210,13.8%,"1,401",92.2%
609766,VAUGHN HS,Network 14,District,Specialty,PORTAGE PARK,225,117,52.0%,225,100.0%,188,83.6%
609769,GRAHAM HS,Network 14,District,Specialty,NEAR SOUTH SIDE,259,115,44.4%,259,100.0%,231,89.2%
609772,ADDAMS,Network 13,District,Traditional,EAST SIDE,541,244,45.1%,75,13.9%,417,77.1%
609773,TUBMAN,Network 4,District,Traditional,LAKE VIEW,306,28,9.2%,60,19.6%,98,32.0%
609774,ALCOTT ES,Network 4,District,Traditional,LINCOLN PARK,559,54,9.7%,60,10.7%,80,14.3%
609777,ARMOUR,ISP,District,Traditional,BRIDGEPORT,256,78,30.5%,44,17.2%,187,73.0%
609779,ARMSTRONG G,ISP,District,Traditional,WEST RIDGE,"1,302",638,49.0%,158,12.1%,988,75.9%
609780,MARINE LEADERSHIP AT AMES HS,Network 14,District,Traditional,LOGAN SQUARE,546,278,50.9%,81,14.8%,511,93.6%
609782,AUDUBON,Network 4,District,Traditional,NORTH CENTER,606,33,5.4%,65,10.7%,55,9.1%
609783,JEFFERSON HS,Options,District,Options,NEAR WEST SIDE,191,10,5.2%,66,34.6%,163,85.3%
609786,AVALON PARK,Network 12,District,Traditional,AVALON PARK,223,10,4.5%,35,15.7%,179,80.3%
609788,BARNARD,Network 10,District,Traditional,BEVERLY,242,5,2.1%,43,17.8%,176,72.7%
609789,BARRY,Network 4,District,Traditional,HERMOSA,475,330,69.5%,80,16.8%,386,81.3%
609790,BARTON,Network 11,District,Traditional,AUBURN GRESHAM,412,65,15.8%,90,21.8%,339,82.3%
609791,BASS,Network 11,District,Traditional,ENGLEWOOD,316,21,6.6%,56,17.7%,284,89.9%
609792,BATEMAN,Network 1,District,Traditional,IRVING PARK,901,366,40.6%,122,13.5%,493,54.7%
609793,NICHOLSON,Network 11,District,Traditional,ENGLEWOOD,495,95,19.2%,69,13.9%,395,79.8%
609794,EDISON,Network 1,District,Traditional,ALBANY PARK,265,1,0.4%,16,6.0%,30,11.3%
609795,CLARK ES,ISP,District,Traditional,AUSTIN,132,33,25.0%,12,9.1%,104,78.8%
609796,BEAUBIEN,Network 1,District,Traditional,JEFFERSON PARK,"1,005",190,18.9%,155,15.4%,382,38.0%
609797,BEIDLER,Network 5,District,Traditional,EAST GARFIELD PARK,229,21,9.2%,25,10.9%,192,83.8%
609798,BELDING,Network 1,District,Traditional,IRVING PARK,602,103,17.1%,95,15.8%,258,42.9%
609799,BELL,Network 4,District,Traditional,NORTH CENTER,902,56,6.2%,100,11.1%,120,13.3%
609800,BENNETT,Network 13,District,Traditional,ROSELAND,307,13,4.2%,33,10.7%,227,73.9%
609803,BLAINE,Network 4,District,Traditional,LAKE VIEW,634,42,6.6%,92,14.5%,61,9.6%
609804,MOSAIC,Network 2,District,Traditional,WEST RIDGE,745,464,62.3%,108,14.5%,568,76.2%
609805,JOPLIN,Network 11,District,Traditional,AUBURN GRESHAM,285,32,11.2%,39,13.7%,233,81.8%
609806,BRADWELL,Network 12,District,Traditional,SOUTH SHORE,516,126,24.4%,54,10.5%,406,78.7%
609807,HAMPTON,Network 10,District,Traditional,ASHBURN,459,154,33.6%,93,20.3%,380,82.8%
609808,HALEY,Network 13,District,Traditional,ROSELAND,456,30,6.6%,81,17.8%,391,85.7%
609809,BRENTANO,Network 4,District,Traditional,LOGAN SQUARE,764,96,12.6%,104,13.6%,269,35.2%
609810,BRIDGE,Network 1,District,Traditional,DUNNING,"1,091",356,32.6%,172,15.8%,596,54.6%
609811,BRIGHT,Network 13,District,Traditional,SOUTH DEERING,237,65,27.4%,76,32.1%,195,82.3%
609812,BROWN W,Network 6,District,Traditional,NEAR WEST SIDE,236,13,5.5%,82,34.7%,188,79.7%
609813,BROWNELL,Network 12,District,Traditional,GREATER GRAND CROSSING,166,12,7.2%,17,10.2%,139,83.7%
609815,BOUCHET,Network 12,District,Traditional,SOUTH SHORE,655,30,4.6%,116,17.7%,568,86.7%
609817,BUDLONG,ISP,District,Traditional,LINCOLN SQUARE,770,270,35.1%,93,12.1%,416,54.0%
609818,BURBANK,Network 3,District,Traditional,BELMONT CRAGIN,691,384,55.6%,133,19.2%,579,83.8%
609819,BURKE,Network 9,District,Traditional,WASHINGTON PARK,318,37,11.6%,46,14.5%,236,74.2%
609820,BURLEY,Network 4,District,Traditional,LAKE VIEW,494,9,1.8%,77,15.6%,46,9.3%
609821,BURNHAM,Network 13,District,Traditional,SOUTH DEERING,380,13,3.4%,78,20.5%,323,85.0%
609827,BURNSIDE,Network 12,District,Traditional,CHATHAM,266,3,1.1%,61,22.9%,208,78.2%
609828,BURR,Network 6,District,Traditional,WEST TOWN,465,49,10.5%,68,14.6%,128,27.5%
609829,BURROUGHS,Network 8,District,Traditional,BRIGHTON PARK,303,158,52.1%,55,18.2%,253,83.5%
609830,BRUNSON,Network 3,District,Traditional,AUSTIN,464,97,20.9%,111,23.9%,354,76.3%
609832,BYRNE,Network 10,District,Traditional,GARFIELD RIDGE,607,99,16.3%,126,20.8%,315,51.9%
609833,DAISY BATES,ISP,District,Traditional,AVALON PARK,224,4,1.8%,38,17.0%,176,78.6%
609834,LITTLE VILLAGE,ISP,District,Traditional,SOUTH LAWNDALE,570,321,56.3%,76,13.3%,495,86.8%
609835,CAMERON,Network 5,District,Traditional,HUMBOLDT PARK,666,358,53.8%,87,13.1%,589,88.4%
609836,CANTY,Network 1,District,Traditional,DUNNING,789,239,30.3%,157,19.9%,398,50.4%
609837,CARNEGIE,Network 9,District,Traditional,WOODLAWN,392,6,1.5%,55,14.0%,305,77.8%
609839,CARROLL,Network 10,District,Traditional,ASHBURN,415,29,7.0%,90,21.7%,299,72.0%
609842,CARSON,ISP,District,Traditional,GAGE PARK,726,526,72.5%,52,7.2%,600,82.6%
609844,CARTER,Network 9,District,Traditional,WASHINGTON PARK,275,6,2.2%,41,14.9%,233,84.7%
609845,CARVER G,Network 13,District,Traditional,RIVERDALE,465,1,0.2%,53,11.4%,424,91.2%
609848,ALDRIDGE,Network 13,District,Traditional,RIVERDALE,256,5,2.0%,48,18.8%,199,77.7%
609849,CASSELL,ISP,District,Traditional,MOUNT GREENWOOD,362,14,3.9%,97,26.8%,86,23.8%
609850,GREELEY,Network 4,District,Traditional,LAKE VIEW,339,160,47.2%,27,8.0%,232,68.4%
609851,CHALMERS,Network 5,District,Traditional,NORTH LAWNDALE,208,3,1.4%,50,24.0%,180,86.5%
609852,CHAPPELL,Network 2,District,Traditional,LINCOLN SQUARE,595,87,14.6%,100,16.8%,188,31.6%
609853,CHASE,Network 4,District,Traditional,LOGAN SQUARE,415,148,35.7%,118,28.4%,236,56.9%
609854,CHOPIN,Network 5,District,Traditional,WEST TOWN,327,137,41.9%,76,23.2%,260,79.5%
609855,CHRISTOPHER,Network 8,District,Traditional,GAGE PARK,319,182,57.1%,196,61.4%,286,89.7%
609856,CLAY,Network 13,District,Traditional,HEGEWISCH,577,187,32.4%,72,12.5%,464,80.4%
609857,CLEVELAND,Network 1,District,Traditional,IRVING PARK,507,236,46.5%,165,32.5%,353,69.6%
609859,CLINTON,ISP,District,Traditional,WEST RIDGE,"1,054",780,74.0%,79,7.5%,782,74.2%
609861,CLISSOLD,Network 10,District,Traditional,MORGAN PARK,511,15,2.9%,102,20.0%,200,39.1%
609862,COLES,Network 12,District,Traditional,SOUTH CHICAGO,290,25,8.6%,57,19.7%,217,74.8%
609863,GINSBURG,ISP,District,Traditional,WEST TOWN,261,137,52.5%,16,6.1%,165,63.2%
609864,COOK,Network 11,District,Traditional,AUBURN GRESHAM,307,31,10.1%,43,14.0%,258,84.0%
609865,JORDAN,Network 2,District,Traditional,ROGERS PARK,490,327,66.7%,113,23.1%,375,76.5%
609866,COONLEY,Network 2,District,Traditional,NORTH CENTER,722,27,3.7%,106,14.7%,89,12.3%
609867,COOPER,Network 7,District,Traditional,LOWER WEST SIDE,428,247,57.7%,74,17.3%,341,79.7%
609869,LANGFORD,Network 11,District,Traditional,WEST ENGLEWOOD,178,35,19.7%,22,12.4%,145,81.5%
609870,CORKERY,Network 7,District,Traditional,SOUTH LAWNDALE,438,271,61.9%,83,18.9%,355,81.1%
609871,VICK,Network 10,District,Early Childhood,MORGAN PARK,446,96,21.5%,197,44.2%,121,27.1%
609872,PEREZ,Network 7,District,Traditional,LOWER WEST SIDE,292,126,43.2%,57,19.5%,227,77.7%
609873,CROWN,Network 5,District,Traditional,NORTH LAWNDALE,94,6,6.4%,14,14.9%,76,80.9%
609874,DIRKSEN,Network 1,District,Traditional,OHARE,"1,254",794,63.3%,111,8.9%,880,70.2%
609875,DARWIN,Network 4,District,Traditional,LOGAN SQUARE,502,206,41.0%,114,22.7%,346,68.9%
609876,DAVIS N,Network 8,District,Traditional,BRIGHTON PARK,540,364,67.4%,96,17.8%,446,82.6%
609879,DAWES,Network 10,District,Traditional,ASHBURN,921,274,29.8%,180,19.5%,796,86.4%
609880,DECATUR,Network 2,District,Traditional,WEST RIDGE,341,9,2.6%,25,7.3%,49,14.4%
609883,DENEEN,Network 12,District,Traditional,GREATER GRAND CROSSING,448,14,3.1%,83,18.5%,379,84.6%
609884,DEVER,Network 1,District,Traditional,DUNNING,728,279,38.3%,86,11.8%,411,56.5%
609885,DEWEY,Network 8,District,Traditional,NEW CITY,270,23,8.5%,52,19.3%,237,87.8%
609887,DIXON,Network 12,District,Traditional,CHATHAM,411,8,1.9%,48,11.7%,333,81.0%
609891,DOOLITTLE,Network 9,District,Traditional,DOUGLAS,257,0,0.0%,57,22.2%,228,88.7%
609893,DORE,Network 10,District,Traditional,CLEARING,742,172,23.2%,178,24.0%,368,49.6%
609894,DRAKE,Network 9,District,Traditional,DOUGLAS,302,5,1.7%,78,25.8%,272,90.1%
609895,TURNER-DREW,Network 11,District,Traditional,ROSELAND,195,0,0.0%,44,22.6%,155,79.5%
609896,DRUMMOND,Network 6,District,Traditional,LOGAN SQUARE,338,19,5.6%,50,14.8%,49,14.5%
609897,EARLE,Network 11,District,Traditional,WEST ENGLEWOOD,285,72,25.3%,62,21.8%,250,87.7%
609898,EBERHART,Network 10,District,Traditional,CHICAGO LAWN,"1,006",586,58.3%,115,11.4%,871,86.6%
609899,EBINGER,Network 1,District,Traditional,EDISON PARK,688,47,6.8%,118,17.2%,118,17.2%
609900,CURTIS,Network 13,District,Traditional,ROSELAND,348,38,10.9%,48,13.8%,297,85.3%
609901,EDGEBROOK,Network 1,District,Traditional,FOREST GLEN,551,60,10.9%,60,10.9%,71,12.9%
609902,METCALFE,Network 13,District,Traditional,WEST PULLMAN,352,40,11.4%,45,12.8%,302,85.8%
609903,EDWARDS,Network 8,District,Traditional,ARCHER HEIGHTS,"1,217",745,61.2%,209,17.2%,922,75.8%
609904,ELLINGTON,Network 3,District,Traditional,AUSTIN,520,75,14.4%,113,21.7%,400,76.9%
609907,ERICSON,Network 5,District,Traditional,EAST GARFIELD PARK,327,1,0.3%,25,7.6%,274,83.8%
609908,ESMOND,Network 10,District,Traditional,MORGAN PARK,222,8,3.6%,28,12.6%,193,86.9%
609909,EVERETT,ISP,District,Traditional,MCKINLEY PARK,89,55,61.8%,18,20.2%,65,73.0%
609910,FALCONER,Network 3,District,Traditional,BELMONT CRAGIN,835,384,46.0%,173,20.7%,676,81.0%
609912,FARNSWORTH,Network 1,District,Traditional,JEFFERSON PARK,496,186,37.5%,148,29.8%,287,57.9%
609917,FERNWOOD,Network 13,District,Traditional,WASHINGTON HEIGHTS,258,3,1.2%,39,15.1%,225,87.2%
609918,FIELD,Network 2,District,Traditional,ROGERS PARK,150,83,55.3%,20,13.3%,133,88.7%
609919,FISKE,Network 9,District,Traditional,WOODLAWN,372,12,3.2%,38,10.2%,310,83.3%
609920,KANOON,Network 7,District,Traditional,SOUTH LAWNDALE,389,235,60.4%,44,11.3%,339,87.1%
609921,TELPOCHCALLI,Network 7,District,Traditional,SOUTH LAWNDALE,207,138,66.7%,46,22.2%,165,79.7%
609922,BELMONT-CRAGIN,Network 3,District,Traditional,BELMONT CRAGIN,528,375,71.0%,108,20.5%,377,71.4%
609924,FORT DEARBORN,Network 11,District,Traditional,WASHINGTON HEIGHTS,308,12,3.9%,74,24.0%,259,84.1%
609925,KELLMAN,Network 5,District,Traditional,EAST GARFIELD PARK,207,7,3.4%,24,11.6%,172,83.1%
609926,FRANKLIN,Network 4,District,Traditional,NEAR NORTH SIDE,349,11,3.2%,50,14.3%,158,45.3%
609927,FOSTER PARK,Network 11,District,Traditional,AUBURN GRESHAM,359,9,2.5%,123,34.3%,269,74.9%
609928,FARMER,Network 9,District,Traditional,GRAND BOULEVARD,312,6,1.9%,46,14.7%,268,85.9%
609929,FULTON,Network 8,District,Traditional,NEW CITY,326,203,62.3%,45,13.8%,251,77.0%
609930,FUNSTON,Network 4,District,Traditional,LOGAN SQUARE,446,230,51.6%,134,30.0%,393,88.1%
609933,GALE,Network 2,District,Traditional,ROGERS PARK,347,142,40.9%,82,23.6%,234,67.4%
609935,GALLISTEL,Network 13,District,Traditional,EAST SIDE,597,257,43.0%,97,16.2%,380,63.7%
609937,GARVY,Network 1,District,Traditional,NORWOOD PARK,731,177,24.2%,105,14.4%,272,37.2%
609938,GARY,Network 7,District,Traditional,SOUTH LAWNDALE,714,412,57.7%,156,21.8%,641,89.8%
609939,GILLESPIE,Network 12,District,Traditional,ROSELAND,286,2,0.7%,65,22.7%,239,83.6%
609941,RANDOLPH,Network 11,District,Traditional,WEST ENGLEWOOD,368,51,13.9%,52,14.1%,327,88.9%
609942,GOETHE,Network 4,District,Traditional,LOGAN SQUARE,717,208,29.0%,117,16.3%,363,50.6%
609943,OWENS,Network 13,District,Traditional,WEST PULLMAN,339,12,3.5%,75,22.1%,288,85.0%
609944,GRISSOM,Network 13,District,Traditional,HEGEWISCH,288,67,23.3%,38,13.2%,203,70.5%
609945,GOUDY,Network 2,District,Traditional,UPTOWN,494,240,48.6%,76,15.4%,384,77.7%
609947,GRAHAM ES,Network 6,District,Traditional,NEW CITY,348,169,48.6%,44,12.6%,279,80.2%
609949,GRAY,Network 1,District,Traditional,PORTAGE PARK,"1,000",419,41.9%,135,13.5%,712,71.2%
609950,ORTIZ DE DOMINGUEZ,Network 7,District,Traditional,SOUTH LAWNDALE,407,287,70.5%,105,25.8%,295,72.5%
609951,ARIEL,Network 9,District,Traditional,KENWOOD,372,6,1.6%,73,19.6%,297,79.8%
609952,GREENE,Network 8,District,Traditional,MCKINLEY PARK,326,170,52.1%,59,18.1%,245,75.2%
609954,GREGORY,Network 5,District,Traditional,EAST GARFIELD PARK,280,25,8.9%,54,19.3%,240,85.7%
609955,GRESHAM,Network 11,District,Traditional,AUBURN GRESHAM,327,11,3.4%,51,15.6%,288,88.1%
609956,GRIMES,Network 10,District,Traditional,CLEARING,374,142,38.0%,51,13.6%,255,68.2%
609958,GUNSAULUS,Network 8,District,Traditional,BRIGHTON PARK,663,321,48.4%,75,11.3%,545,82.2%
609959,HAINES,Network 6,District,Traditional,ARMOUR SQUARE,460,158,34.3%,36,7.8%,342,74.3%
609960,HALE,Network 10,District,Traditional,CLEARING,775,235,30.3%,110,14.2%,494,63.7%
609961,NINOS HEROES,Network 12,District,Traditional,SOUTH CHICAGO,311,100,32.2%,33,10.6%,249,80.1%
609963,HAMILTON,Network 4,District,Traditional,LAKE VIEW,484,34,7.0%,82,16.9%,58,12.0%
609964,HAMLINE,Network 8,District,Traditional,NEW CITY,569,391,68.7%,124,21.8%,485,85.2%
609966,HAMMOND,Network 7,District,Traditional,SOUTH LAWNDALE,254,138,54.3%,46,18.1%,198,78.0%
609967,FINKL,Network 7,District,Traditional,LOWER WEST SIDE,240,123,51.3%,75,31.3%,204,85.0%
609968,MCAULIFFE,Network 4,District,Traditional,HERMOSA,522,246,47.1%,88,16.9%,420,80.5%
609969,HARTE,Network 9,District,Traditional,HYDE PARK,334,25,7.5%,56,16.8%,214,64.1%
609971,HARVARD,Network 11,District,Traditional,GREATER GRAND CROSSING,338,34,10.1%,94,27.8%,285,84.3%
609972,HAUGAN,ISP,District,Traditional,ALBANY PARK,"1,074",786,73.2%,218,20.3%,828,77.1%
609973,ZAPATA,Network 7,District,Traditional,SOUTH LAWNDALE,522,309,59.2%,116,22.2%,408,78.2%
609974,HAWTHORNE,Network 4,District,Traditional,LAKE VIEW,642,40,6.2%,57,8.9%,90,14.0%
609975,HAY,Network 3,District,Traditional,AUSTIN,245,55,22.4%,29,11.8%,209,85.3%
609976,HAYT,Network 2,District,Traditional,EDGEWATER,842,454,53.9%,152,18.1%,592,70.3%
609977,WOODLAWN,Network 9,District,Traditional,WOODLAWN,167,6,3.6%,18,10.8%,133,79.6%
609978,SMITH,Network 13,District,Traditional,PULLMAN,341,7,2.1%,58,17.0%,276,80.9%
609979,HEALY,Network 6,District,Traditional,BRIDGEPORT,"1,197",396,33.1%,99,8.3%,872,72.8%
609981,HEARST,Network 10,District,Traditional,GARFIELD RIDGE,282,91,32.3%,117,41.5%,221,78.4%
609983,HEDGES,Network 8,District,Traditional,NEW CITY,504,356,70.6%,96,19.0%,387,76.8%
609985,HEFFERAN,Network 5,District,Traditional,WEST GARFIELD PARK,208,29,13.9%,39,18.8%,171,82.2%
609986,HENDERSON,Network 8,District,Traditional,WEST ENGLEWOOD,242,104,43.0%,49,20.2%,189,78.1%
609987,HENDRICKS,Network 9,District,Traditional,FULLER PARK,221,24,10.9%,57,25.8%,190,86.0%
609988,HENRY,Network 1,District,Traditional,IRVING PARK,436,268,61.5%,64,14.7%,335,76.8%
609990,SOUTH LOOP,ISP,District,Traditional,NEAR SOUTH SIDE,846,68,8.0%,107,12.6%,215,25.4%
609991,HERZL,Network 7,District,Traditional,NORTH LAWNDALE,427,31,7.3%,94,22.0%,352,82.4%
609993,LARA,ISP,District,Traditional,NEW CITY,364,228,62.6%,89,24.5%,298,81.9%
609994,HIBBARD,Network 1,District,Traditional,ALBANY PARK,928,641,69.1%,122,13.1%,682,73.5%
609995,HITCH,Network 1,District,Traditional,NORWOOD PARK,490,119,24.3%,93,19.0%,233,47.6%
609996,HOLDEN,ISP,District,Traditional,BRIDGEPORT,406,123,30.3%,53,13.1%,284,70.0%
609997,HOLMES,Network 8,District,Traditional,ENGLEWOOD,160,42,26.3%,26,16.3%,131,81.9%
610000,HOWE,Network 3,District,Traditional,AUSTIN,340,51,15.0%,51,15.0%,287,84.4%
610002,HOYNE,Network 12,District,Traditional,CALUMET HEIGHTS,231,2,0.9%,34,14.7%,182,78.8%
610003,CUFFE,Network 11,District,Traditional,AUBURN GRESHAM,250,5,2.0%,62,24.8%,198,79.2%
610004,CULLEN,Network 13,District,Traditional,ROSELAND,176,1,0.6%,35,19.9%,162,92.0%
610005,HUGHES C,Network 7,District,Traditional,NORTH LAWNDALE,172,25,14.5%,29,16.9%,130,75.6%
610006,HURLEY,Network 10,District,Traditional,WEST LAWN,754,426,56.5%,109,14.5%,613,81.3%
610009,GALILEO,Network 6,District,Traditional,NEAR WEST SIDE,550,90,16.4%,97,17.6%,271,49.3%
610010,JAHN,Network 4,District,Traditional,NORTH CENTER,358,51,14.2%,61,17.0%,137,38.3%
610011,JAMIESON,Network 2,District,Traditional,WEST RIDGE,823,364,44.2%,128,15.6%,528,64.2%
610013,PILSEN,Network 7,District,Traditional,LOWER WEST SIDE,224,140,62.5%,44,19.6%,179,79.9%
610015,JUNGMAN,ISP,District,Traditional,LOWER WEST SIDE,301,109,36.2%,103,34.2%,198,65.8%
610016,KELLOGG,Network 10,District,Traditional,BEVERLY,297,4,1.3%,43,14.5%,102,34.3%
610017,SAUCEDO,Network 7,District,Traditional,SOUTH LAWNDALE,933,467,50.1%,191,20.5%,747,80.1%
610019,KERSHAW,Network 11,District,Traditional,ENGLEWOOD,225,20,8.9%,52,23.1%,191,84.9%
610021,CASALS,Network 5,District,Traditional,HUMBOLDT PARK,334,122,36.5%,54,16.2%,262,78.4%
610022,KILMER,Network 2,District,Traditional,ROGERS PARK,796,438,55.0%,185,23.2%,585,73.5%
610024,CARDENAS,ISP,District,Traditional,SOUTH LAWNDALE,770,364,47.3%,153,19.9%,651,84.5%
610026,KINZIE,ISP,District,Traditional,GARFIELD RIDGE,629,87,13.8%,144,22.9%,408,64.9%
610027,KIPLING,ISP,District,Traditional,WASHINGTON HEIGHTS,232,2,0.9%,33,14.2%,186,80.2%
610029,LOZANO,Network 6,District,Traditional,WEST TOWN,245,104,42.4%,83,33.9%,163,66.5%
610030,KOZMINSKI,Network 9,District,Traditional,HYDE PARK,278,67,24.1%,50,18.0%,187,67.3%
610032,GREEN,Network 11,District,Traditional,WASHINGTON HEIGHTS,266,3,1.1%,90,33.8%,217,81.6%
610033,LASALLE,Network 4,District,Traditional,LINCOLN PARK,455,10,2.2%,58,12.7%,155,34.1%
610034,LAWNDALE,Network 5,District,Traditional,NORTH LAWNDALE,196,21,10.7%,25,12.8%,163,83.2%
610036,LEWIS,Network 3,District,Traditional,AUSTIN,415,157,37.8%,74,17.8%,349,84.1%
610037,LIBBY,Network 8,District,Traditional,NEW CITY,282,113,40.1%,61,21.6%,237,84.0%
610038,LINCOLN,Network 4,District,Traditional,LINCOLN PARK,859,64,7.5%,69,8.0%,112,13.0%
610039,VON LINNE,Network 4,District,Traditional,AVONDALE,685,193,28.2%,91,13.3%,360,52.6%
610040,LLOYD,Network 3,District,Traditional,BELMONT CRAGIN,840,551,65.6%,127,15.1%,633,75.4%
610041,LOCKE J,Network 3,District,Traditional,MONTCLARE,"1,090",456,41.8%,217,19.9%,843,77.3%
610043,LOVETT,Network 3,District,Traditional,AUSTIN,347,73,21.0%,59,17.0%,274,79.0%
610044,LOWELL,Network 5,District,Traditional,HUMBOLDT PARK,314,141,44.9%,109,34.7%,268,85.4%
610046,LYON,Network 3,District,Traditional,BELMONT CRAGIN,997,527,52.9%,148,14.8%,804,80.6%
610047,MADISON,Network 12,District,Traditional,SOUTH SHORE,221,23,10.4%,37,16.7%,182,82.4%
610048,MANIERRE,Network 4,District,Traditional,NEAR NORTH SIDE,269,0,0.0%,37,13.8%,227,84.4%
610051,NORTHWEST,Network 3,District,Traditional,BELMONT CRAGIN,525,325,61.9%,79,15.0%,487,92.8%
610052,MANN,Network 12,District,Traditional,SOUTH CHICAGO,278,23,8.3%,38,13.7%,232,83.5%
610053,MARQUETTE,Network 10,District,Traditional,CHICAGO LAWN,"1,025",470,45.9%,191,18.6%,877,85.6%
610054,MARSH,Network 13,District,Traditional,SOUTH DEERING,622,248,39.9%,134,21.5%,483,77.7%
610055,FARADAY,Network 5,District,Traditional,EAST GARFIELD PARK,180,15,8.3%,28,15.6%,150,83.3%
610056,MASON,Network 7,District,Traditional,NORTH LAWNDALE,238,34,14.3%,51,21.4%,208,87.4%
610057,FAIRFIELD,Network 10,District,Traditional,CHICAGO LAWN,485,323,66.6%,53,10.9%,414,85.4%
610059,MAYER,Network 4,District,Traditional,LINCOLN PARK,710,15,2.1%,70,9.9%,64,9.0%
610060,CHICAGO WORLD LANGUAGE ACADEMY,Network 6,District,Traditional,NEAR WEST SIDE,450,62,13.8%,75,16.7%,184,40.9%
610062,MIÑOSO,Network 6,District,Traditional,BRIDGEPORT,304,47,15.5%,88,28.9%,252,82.9%
610063,MCCORMICK,Network 7,District,Traditional,SOUTH LAWNDALE,501,276,55.1%,92,18.4%,406,81.0%
610065,TILL,Network 9,District,Traditional,WOODLAWN,369,27,7.3%,48,13.0%,290,78.6%
610066,MCDADE,Network 12,District,Traditional,CHATHAM,208,0,0.0%,5,2.4%,81,38.9%
610067,MCKAY,Network 10,District,Traditional,CHICAGO LAWN,620,270,43.5%,92,14.8%,470,75.8%
610068,HANSON PARK,Network 3,District,Traditional,BELMONT CRAGIN,"1,127",663,58.8%,285,25.3%,932,82.7%
610070,MCPHERSON,Network 2,District,Traditional,LINCOLN SQUARE,796,230,28.9%,187,23.5%,315,39.6%
610073,MITCHELL,ISP,District,Traditional,WEST TOWN,446,61,13.7%,68,15.2%,112,25.1%
610074,LOGAN SQUARE,Network 4,District,Traditional,LOGAN SQUARE,632,226,35.8%,120,19.0%,512,81.0%
610076,MOOS,Network 5,District,Traditional,WEST TOWN,437,177,40.5%,72,16.5%,288,65.9%
610077,MORRILL,Network 10,District,Traditional,CHICAGO LAWN,598,326,54.5%,87,14.5%,503,84.1%
610078,INTER-AMERICAN,Network 4,District,Traditional,LAKE VIEW,618,203,32.8%,93,15.0%,290,46.9%
610081,SHERIDAN,Network 6,District,Traditional,BRIDGEPORT,530,68,12.8%,47,8.9%,293,55.3%
610082,MOUNT GREENWOOD,ISP,District,Traditional,MOUNT GREENWOOD,"1,178",16,1.4%,193,16.4%,210,17.8%
610083,BEARD,Network 1,District,Specialty,NORWOOD PARK,396,139,35.1%,172,43.4%,100,25.3%
610084,KELLER,Network 10,District,Traditional,MOUNT GREENWOOD,222,5,2.3%,7,3.2%,84,37.8%
610086,MOUNT VERNON,Network 13,District,Traditional,WASHINGTON HEIGHTS,240,6,2.5%,42,17.5%,202,84.2%
610087,BLAIR,Network 10,District,Specialty,CLEARING,262,77,29.4%,194,74.0%,108,41.2%
610088,MOZART,Network 4,District,Traditional,LOGAN SQUARE,500,308,61.6%,98,19.6%,377,75.4%
610089,MURPHY,Network 1,District,Traditional,IRVING PARK,516,171,33.1%,96,18.6%,252,48.8%
610090,MURRAY,Network 9,District,Traditional,HYDE PARK,481,4,0.8%,74,15.4%,299,62.2%
610091,BROWN R,Network 13,District,Traditional,WEST PULLMAN,281,4,1.4%,62,22.1%,226,80.4%
610092,NASH,Network 3,District,Traditional,AUSTIN,258,79,30.6%,56,21.7%,214,82.9%
610093,NEIL,Network 12,District,Traditional,CHATHAM,263,11,4.2%,108,41.1%,214,81.4%
610094,NETTELHORST,Network 4,District,Traditional,LAKE VIEW,650,103,15.8%,56,8.6%,134,20.6%
610095,NEWBERRY,Network 4,District,Traditional,LINCOLN PARK,331,17,5.1%,53,16.0%,257,77.6%
610096,NIGHTINGALE,Network 8,District,Traditional,GAGE PARK,918,395,43.0%,143,15.6%,769,83.8%
610097,NIXON,Network 4,District,Traditional,HERMOSA,674,437,64.8%,77,11.4%,551,81.8%
610098,NOBEL,ISP,District,Traditional,HUMBOLDT PARK,594,351,59.1%,78,13.1%,525,88.4%
610099,NORWOOD PARK,Network 1,District,Traditional,NORWOOD PARK,314,37,11.8%,56,17.8%,52,16.6%
610100,WEST PARK,Network 5,District,Traditional,HUMBOLDT PARK,443,211,47.6%,79,17.8%,377,85.1%
610101,OGDEN ES,Network 15,District,Traditional,NEAR NORTH SIDE,807,170,21.1%,101,12.5%,393,48.7%
610102,OGLESBY,Network 11,District,Traditional,AUBURN GRESHAM,290,6,2.1%,25,8.6%,244,84.1%
610103,OKEEFFE,Network 12,District,Traditional,SOUTH SHORE,570,62,10.9%,91,16.0%,453,79.5%
610104,ONAHAN,Network 1,District,Traditional,NORWOOD PARK,652,74,11.3%,125,19.2%,188,28.8%
610105,ORIOLE PARK,Network 1,District,Traditional,NORWOOD PARK,615,87,14.1%,68,11.1%,167,27.2%
610106,PICCOLO,Network 5,District,Traditional,HUMBOLDT PARK,645,331,51.3%,112,17.4%,535,82.9%
610107,OTIS,Network 6,District,Traditional,WEST TOWN,364,169,46.4%,128,35.2%,275,75.5%
610108,OTOOLE,Network 11,District,Traditional,WEST ENGLEWOOD,311,100,32.2%,44,14.1%,255,82.0%
610109,OWEN,Network 10,District,Traditional,ASHBURN,283,6,2.1%,35,12.4%,166,58.7%
610110,WELLS ES,Network 9,District,Traditional,DOUGLAS,312,7,2.2%,40,12.8%,246,78.8%
610111,PALMER,ISP,District,Traditional,ALBANY PARK,746,304,40.8%,100,13.4%,452,60.6%
610112,PARKER,Network 11,District,Traditional,ENGLEWOOD,362,10,2.8%,39,10.8%,298,82.3%
610115,PARK MANOR,Network 12,District,Traditional,GREATER GRAND CROSSING,313,31,9.9%,61,19.5%,260,83.1%
610116,PARKSIDE,Network 12,District,Traditional,SOUTH SHORE,283,8,2.8%,42,14.8%,223,78.8%
610117,PASTEUR,Network 8,District,Traditional,WEST ELSDON,615,281,45.7%,111,18.0%,455,74.0%
610120,PECK,ISP,District,Traditional,WEST ELSDON,774,439,56.7%,120,15.5%,547,70.7%
610121,IRVING,Network 6,District,Traditional,NEAR WEST SIDE,310,41,13.2%,64,20.6%,225,72.6%
610122,PEIRCE,ISP,District,Traditional,EDGEWATER,"1,119",215,19.2%,181,16.2%,366,32.7%
610123,PENN,Network 7,District,Traditional,NORTH LAWNDALE,217,6,2.8%,58,26.7%,168,77.4%
610124,WASHINGTON H ES,Network 12,District,Traditional,BURNSIDE,274,5,1.8%,48,17.5%,236,86.1%
610125,RUIZ,Network 7,District,Traditional,LOWER WEST SIDE,468,230,49.1%,130,27.8%,352,75.2%
610126,PERSHING,Network 9,District,Traditional,DOUGLAS,441,38,8.6%,70,15.9%,322,73.0%
610127,PETERSON,Network 1,District,Traditional,NORTH PARK,917,398,43.4%,115,12.5%,529,57.7%
610128,GARVEY,Network 13,District,Traditional,WASHINGTON HEIGHTS,256,8,3.1%,25,9.8%,205,80.1%
610129,PICKARD,Network 7,District,Traditional,LOWER WEST SIDE,322,150,46.6%,58,18.0%,260,80.7%
610130,PIRIE,Network 12,District,Traditional,CHATHAM,213,1,0.5%,41,19.2%,174,81.7%
610131,PLAMONDON,ISP,District,Traditional,NORTH LAWNDALE,91,38,41.8%,24,26.4%,71,78.0%
610132,POE,Network 13,District,Traditional,PULLMAN,224,0,0.0%,10,4.5%,88,39.3%
610133,WARD L,Network 5,District,Traditional,HUMBOLDT PARK,277,72,26.0%,67,24.2%,202,72.9%
610135,PORTAGE PARK,Network 1,District,Traditional,PORTAGE PARK,929,213,22.9%,163,17.5%,591,63.6%
610136,PRESCOTT,Network 4,District,Traditional,LINCOLN PARK,465,38,8.2%,73,15.7%,138,29.7%
610137,PRUSSING,Network 1,District,Traditional,PORTAGE PARK,647,229,35.4%,82,12.7%,422,65.2%
610138,PULASKI,Network 6,District,Traditional,LOGAN SQUARE,888,158,17.8%,106,11.9%,332,37.4%
610139,PULLMAN,Network 13,District,Traditional,PULLMAN,302,50,16.6%,33,10.9%,245,81.1%
610141,RAVENSWOOD,Network 2,District,Traditional,LAKE VIEW,523,79,15.1%,72,13.8%,171,32.7%
610142,RAY,Network 9,District,Traditional,HYDE PARK,627,106,16.9%,90,14.4%,334,53.3%
610143,REAVIS,Network 9,District,Traditional,KENWOOD,357,29,8.1%,73,20.4%,253,70.9%
610144,REILLY,Network 4,District,Traditional,AVONDALE,537,286,53.3%,85,15.8%,363,67.6%
610145,REINBERG,Network 1,District,Traditional,PORTAGE PARK,763,358,46.9%,181,23.7%,529,69.3%
610146,REVERE,Network 12,District,Traditional,GREATER GRAND CROSSING,186,10,5.4%,34,18.3%,154,82.8%
610147,ROGERS,Network 2,District,Traditional,WEST RIDGE,785,246,31.3%,145,18.5%,429,54.6%
610148,CHAVEZ,ISP,District,Traditional,NEW CITY,787,393,49.9%,108,13.7%,670,85.1%
610152,RUGGLES,Network 12,District,Traditional,GREATER GRAND CROSSING,289,10,3.5%,31,10.7%,243,84.1%
610153,RYDER,Network 11,District,Traditional,AUBURN GRESHAM,354,11,3.1%,120,33.9%,297,83.9%
610155,SAUGANASH,Network 1,District,Traditional,FOREST GLEN,694,105,15.1%,63,9.1%,117,16.9%
610157,SAWYER,Network 8,District,Traditional,GAGE PARK,889,486,54.7%,104,11.7%,779,87.6%
610158,SAYRE,Network 3,District,Traditional,AUSTIN,379,86,22.7%,63,16.6%,236,62.3%
610159,SCAMMON,Network 1,District,Traditional,IRVING PARK,618,317,51.3%,78,12.6%,480,77.7%
610163,STOCK,Network 1,District,Early Childhood,EDISON PARK,208,49,23.6%,88,42.3%,24,11.5%
610165,SCHUBERT,Network 3,District,Traditional,BELMONT CRAGIN,561,396,70.6%,65,11.6%,440,78.4%
610167,SEWARD,Network 8,District,Traditional,NEW CITY,388,220,56.7%,64,16.5%,339,87.4%
610170,COLUMBIA EXPLORERS,ISP,District,Traditional,BRIGHTON PARK,718,330,46.0%,144,20.1%,570,79.4%
610171,MIRELES,Network 12,District,Traditional,SOUTH CHICAGO,540,215,39.8%,67,12.4%,454,84.1%
610172,SHERMAN,Network 8,District,Traditional,NEW CITY,230,24,10.4%,34,14.8%,186,80.9%
610173,SHERWOOD,ISP,District,Traditional,ENGLEWOOD,201,14,7.0%,79,39.3%,165,82.1%
610174,SHIELDS,Network 8,District,Traditional,BRIGHTON PARK,441,250,56.7%,87,19.7%,344,78.0%
610175,SHOESMITH,Network 9,District,Traditional,KENWOOD,293,49,16.7%,54,18.4%,200,68.3%
610176,SHOOP,Network 13,District,Traditional,MORGAN PARK,514,12,2.3%,111,21.6%,413,80.4%
610177,SKINNER,Network 6,District,Traditional,NEAR WEST SIDE,"1,141",136,11.9%,82,7.2%,334,29.3%
610178,SCHMID,Network 12,District,Traditional,PULLMAN,201,0,0.0%,53,26.4%,158,78.6%
610179,SMYSER,Network 1,District,Traditional,PORTAGE PARK,766,185,24.2%,101,13.2%,490,64.0%
610180,SMYTH,Network 6,District,Traditional,NEAR WEST SIDE,339,6,1.8%,86,25.4%,296,87.3%
610182,SOLOMON,Network 1,District,Traditional,NORTH PARK,319,142,44.5%,79,24.8%,143,44.8%
610183,SPENCER,Network 3,District,Traditional,AUSTIN,427,55,12.9%,51,11.9%,343,80.3%
610184,SPRY ES,Network 16,District,Traditional,SOUTH LAWNDALE,315,176,55.9%,51,16.2%,252,80.0%
610185,STEVENSON,Network 10,District,Traditional,ASHBURN,"1,204",536,44.5%,248,20.6%,931,77.3%
610188,DUNNE,Network 13,District,Traditional,ROSELAND,201,1,0.5%,26,12.9%,154,76.6%
610191,STONE,Network 2,District,Traditional,WEST RIDGE,554,167,30.1%,65,11.7%,332,59.9%
610192,STOWE,Network 5,District,Traditional,HUMBOLDT PARK,568,307,54.0%,124,21.8%,460,81.0%
610193,NEW SULLIVAN,Network 12,District,Traditional,SOUTH CHICAGO,435,78,17.9%,103,23.7%,360,82.8%
610194,SUMNER,Network 5,District,Traditional,WEST GARFIELD PARK,200,5,2.5%,40,20.0%,177,88.5%
610195,SUTHERLAND,Network 10,District,Traditional,BEVERLY,641,6,0.9%,113,17.6%,220,34.3%
610196,SWIFT,Network 2,District,Traditional,EDGEWATER,530,307,57.9%,123,23.2%,376,70.9%
610197,TALCOTT,Network 6,District,Traditional,WEST TOWN,495,289,58.4%,94,19.0%,319,64.4%
610198,TAYLOR,Network 13,District,Traditional,EAST SIDE,337,182,54.0%,59,17.5%,284,84.3%
610199,COLEMON,Network 13,District,Traditional,WEST PULLMAN,169,3,1.8%,29,17.2%,123,72.8%
610200,THORP J,Network 12,District,Traditional,SOUTH CHICAGO,300,37,12.3%,97,32.3%,247,82.3%
610201,THORP O,ISP,District,Traditional,DUNNING,833,80,9.6%,147,17.6%,321,38.5%
610202,TILTON,Network 5,District,Traditional,WEST GARFIELD PARK,241,34,14.1%,31,12.9%,209,86.7%
610203,MONARCAS,Network 8,District,Traditional,GAGE PARK,801,457,57.1%,108,13.5%,622,77.7%
610206,TWAIN,Network 10,District,Traditional,GARFIELD RIDGE,845,232,27.5%,134,15.9%,601,71.1%
610207,VANDERPOEL,Network 10,District,Traditional,BEVERLY,242,0,0.0%,27,11.2%,150,62.0%
610208,LAVIZZO,Network 13,District,Traditional,ROSELAND,394,26,6.6%,62,15.7%,318,80.7%
610209,VOLTA,Network 1,District,Traditional,ALBANY PARK,736,569,77.3%,58,7.9%,594,80.7%
610212,ALBANY PARK,Network 1,District,Traditional,ALBANY PARK,244,141,57.8%,27,11.1%,224,91.8%
610213,WADSWORTH,Network 9,District,Traditional,WOODLAWN,487,23,4.7%,57,11.7%,384,78.9%
610215,MADERO,Network 7,District,Traditional,SOUTH LAWNDALE,232,106,45.7%,44,19.0%,209,90.1%
610216,WALSH,Network 7,District,Traditional,LOWER WEST SIDE,253,136,53.8%,81,32.0%,167,66.0%
610217,WARD J,Network 6,District,Traditional,ARMOUR SQUARE,499,257,51.5%,54,10.8%,349,69.9%
610218,WARREN,Network 12,District,Traditional,CALUMET HEIGHTS,315,3,1.0%,50,15.9%,254,80.6%
610219,WASHINGTON G ES,Network 13,District,Traditional,EAST SIDE,570,126,22.1%,105,18.4%,431,75.6%
610220,WATERS,Network 2,District,Traditional,LINCOLN SQUARE,701,94,13.4%,81,11.6%,137,19.5%
610221,WEBSTER,Network 5,District,Traditional,WEST GARFIELD PARK,188,0,0.0%,31,16.5%,146,77.7%
610223,WENTWORTH,Network 11,District,Traditional,WEST ENGLEWOOD,434,92,21.2%,115,26.5%,356,82.0%
610225,WHISTLER,Network 13,District,Traditional,WEST PULLMAN,244,1,0.4%,65,26.6%,209,85.7%
610226,SANDOVAL,Network 8,District,Traditional,GAGE PARK,732,525,71.7%,60,8.2%,585,79.9%
610227,WHITNEY,Network 7,District,Traditional,SOUTH LAWNDALE,558,343,61.5%,54,9.7%,480,86.0%
610228,WHITTIER,Network 7,District,Traditional,LOWER WEST SIDE,219,179,81.7%,28,12.8%,168,76.7%
610229,PRITZKER,Network 6,District,Traditional,WEST TOWN,677,30,4.4%,74,10.9%,166,24.5%
610230,WILDWOOD,Network 1,District,Traditional,FOREST GLEN,517,42,8.1%,63,12.2%,66,12.8%
610231,NATIONAL TEACHERS,Network 6,District,Traditional,NEAR SOUTH SIDE,796,15,1.9%,81,10.2%,451,56.7%
610234,YATES,Network 5,District,Traditional,LOGAN SQUARE,271,138,50.9%,83,30.6%,236,87.1%
610235,YOUNG ES,Network 3,District,Traditional,AUSTIN,408,113,27.7%,43,10.5%,328,80.4%
610237,BEETHOVEN,Network 9,District,Traditional,GRAND BOULEVARD,334,28,8.4%,59,17.7%,237,71.0%
610238,BOND,Network 11,District,Traditional,ENGLEWOOD,232,17,7.3%,64,27.6%,197,84.9%
610239,DALEY,Network 8,District,Traditional,NEW CITY,511,326,63.8%,66,12.9%,437,85.5%
610242,BRENNEMANN,Network 2,District,Traditional,UPTOWN,480,224,46.7%,101,21.0%,344,71.7%
610244,CLARK HS,ISP,District,Traditional,AUSTIN,445,7,1.6%,107,24.0%,433,97.3%
610245,DOUGLASS HS,Network 15,District,Traditional,AUSTIN,28,1,3.6%,9,32.1%,28,100.0%
610246,BEASLEY,Network 9,District,Traditional,WASHINGTON PARK,"1,130",6,0.5%,149,13.2%,845,74.8%
610248,CHICAGO ACADEMY ES,Network 1,District,Traditional,DUNNING,550,191,34.7%,104,18.9%,352,64.0%
610249,TALMAN,ISP,District,Traditional,GAGE PARK,332,192,57.8%,67,20.2%,279,84.0%
610250,SALAZAR,ISP,District,Traditional,NEAR NORTH SIDE,349,271,77.7%,27,7.7%,267,76.5%
610251,CATHER,Network 5,District,Traditional,EAST GARFIELD PARK,318,12,3.8%,119,37.4%,276,86.8%
610252,DETT,Network 6,District,Traditional,NEAR WEST SIDE,325,9,2.8%,109,33.5%,269,82.8%
610254,DVORAK,Network 7,District,Traditional,NORTH LAWNDALE,276,35,12.7%,39,14.1%,240,87.0%
610256,ROBINSON,Network 9,District,Traditional,OAKLAND,114,4,3.5%,9,7.9%,73,64.0%
610257,MORTON,Network 5,District,Traditional,HUMBOLDT PARK,269,33,12.3%,36,13.4%,186,69.1%
610263,DULLES,Network 9,District,Traditional,GREATER GRAND CROSSING,671,16,2.4%,73,10.9%,577,86.0%
610268,ASHE,Network 12,District,Traditional,CHATHAM,380,64,16.8%,45,11.8%,300,78.9%
610269,MCCUTCHEON,Network 2,District,Traditional,UPTOWN,322,147,45.7%,121,37.6%,250,77.6%
610271,JENSEN,Network 5,District,Traditional,EAST GARFIELD PARK,254,5,2.0%,41,16.1%,222,87.4%
610274,JOHNSON,Network 5,District,Traditional,NORTH LAWNDALE,208,7,3.4%,44,21.2%,185,88.9%
610276,MOLLISON,Network 9,District,Traditional,GRAND BOULEVARD,234,1,0.4%,34,14.5%,199,85.0%
610279,TANNER,Network 12,District,Traditional,GREATER GRAND CROSSING,276,29,10.5%,60,21.7%,223,80.8%
610281,POWELL,Network 12,District,Traditional,SOUTH SHORE,544,77,14.2%,71,13.1%,449,82.5%
610282,MCNAIR,Network 3,District,Traditional,AUSTIN,338,55,16.3%,93,27.5%,272,80.5%
610284,NEW FIELD,Network 2,District,Traditional,ROGERS PARK,541,265,49.0%,106,19.6%,318,58.8%
610287,ASHBURN,Network 10,District,Traditional,ASHBURN,326,42,12.9%,82,25.2%,243,74.5%
610290,MAYS,Network 11,District,Traditional,ENGLEWOOD,280,33,11.8%,41,14.6%,224,80.0%
610291,LEE,ISP,District,Traditional,WEST LAWN,580,169,29.1%,97,16.7%,495,85.3%
610293,MELODY,Network 5,District,Traditional,WEST GARFIELD PARK,344,54,15.7%,62,18.0%,285,82.8%
610295,HIGGINS,Network 13,District,Traditional,WEST PULLMAN,273,15,5.5%,44,16.1%,243,89.0%
610298,LENART,Network 11,District,Traditional,CHATHAM,301,1,0.3%,9,3.0%,97,32.2%
610299,KING ES,Network 11,District,Traditional,ENGLEWOOD,209,21,10.0%,23,11.0%,170,81.3%
610300,WESTCOTT,Network 11,District,Traditional,CHATHAM,389,10,2.6%,75,19.3%,306,78.7%
610304,PHOENIX MILITARY HS,ISP,District,Traditional,NEAR WEST SIDE,367,101,27.5%,30,8.2%,329,89.6%
610305,LELAND,Network 3,District,Traditional,AUSTIN,350,18,5.1%,59,16.9%,278,79.4%
610308,RUDOLPH,Network 6,District,Specialty,NEAR WEST SIDE,100,31,31.0%,99,99.0%,76,76.0%
610312,MCDOWELL,ISP,District,Traditional,CALUMET HEIGHTS,111,1,0.9%,14,12.6%,80,72.1%
610313,DE DIEGO,Network 5,District,Traditional,WEST TOWN,522,180,34.5%,133,25.5%,386,73.9%
610315,WHITE,Network 13,District,Traditional,WEST PULLMAN,117,2,1.7%,16,13.7%,89,76.1%
610316,EARHART,Network 12,District,Traditional,CALUMET HEIGHTS,194,1,0.5%,25,12.9%,139,71.6%
610317,BRIGHTON PARK,Network 8,District,Traditional,BRIGHTON PARK,297,182,61.3%,63,21.2%,240,80.8%
610319,EVERGREEN,Network 8,District,Traditional,MCKINLEY PARK,188,64,34.0%,28,14.9%,158,84.0%
610323,BOWEN HS,Network 17,District,Traditional,SOUTH CHICAGO,231,69,29.9%,62,26.8%,202,87.4%
610325,AVONDALE-LOGANDALE,Network 4,District,Traditional,AVONDALE,458,219,47.8%,88,19.2%,396,86.5%
610329,OROZCO,Network 7,District,Traditional,LOWER WEST SIDE,281,145,51.6%,43,15.3%,183,65.1%
610334,RABY HS,Network 15,District,Traditional,EAST GARFIELD PARK,110,11,10.0%,61,55.5%,105,95.5%
610339,STAGG,Network 11,District,Traditional,ENGLEWOOD,381,32,8.4%,69,18.1%,295,77.4%
610340,CHICAGO ACADEMY HS,Network 14,District,Traditional,DUNNING,577,185,32.1%,102,17.7%,490,84.9%
610342,SABIN,Network 6,District,Traditional,WEST TOWN,366,157,42.9%,32,8.7%,258,70.5%
610345,WOODSON,Network 9,District,Traditional,GRAND BOULEVARD,294,12,4.1%,80,27.2%,257,87.4%
610347,CLAREMONT,Network 10,District,Traditional,CHICAGO LAWN,333,57,17.1%,89,26.7%,297,89.2%
610350,BLACK,Network 12,District,Traditional,CALUMET HEIGHTS,336,2,0.6%,39,11.6%,230,68.5%
610352,DURKIN PARK,Network 10,District,Traditional,ASHBURN,674,246,36.5%,133,19.7%,488,72.4%
610353,CALMECA,Network 8,District,Traditional,BRIGHTON PARK,599,378,63.1%,126,21.0%,485,81.0%
610354,NORTH RIVER,Network 1,District,Traditional,ALBANY PARK,322,244,75.8%,62,19.3%,210,65.2%
610355,COURTENAY,Network 2,District,Traditional,UPTOWN,267,131,49.1%,96,36.0%,225,84.3%
610357,SPRY HS,Network 16,District,Traditional,SOUTH LAWNDALE,82,65,79.3%,15,18.3%,73,89.0%
610362,EVERS,Network 11,District,Traditional,WASHINGTON HEIGHTS,233,3,1.3%,27,11.6%,175,75.1%
610363,DISNEY,Network 2,District,Traditional,UPTOWN,"1,394",256,18.4%,156,11.2%,836,60.0%
610364,DUBOIS,Network 13,District,Traditional,RIVERDALE,205,4,2.0%,39,19.0%,169,82.4%
610366,WACKER,ISP,District,Traditional,WASHINGTON HEIGHTS,216,3,1.4%,39,18.1%,162,75.0%
610367,DEPRIEST,Network 3,District,Traditional,AUSTIN,414,18,4.3%,118,28.5%,353,85.3%
610368,HUGHES L,Network 13,District,Traditional,ROSELAND,432,42,9.7%,114,26.4%,325,75.2%
610369,JACKSON M,Network 11,District,Traditional,AUBURN GRESHAM,304,6,2.0%,89,29.3%,267,87.8%
610380,WILLIAMS HS,Network 17,District,Traditional,GRAND BOULEVARD,72,2,2.8%,10,13.9%,66,91.7%
610381,BRONZEVILLE HS,Network 17,District,Traditional,GRAND BOULEVARD,114,3,2.6%,34,29.8%,106,93.0%
610383,SOCIAL JUSTICE HS,Network 15,District,Traditional,SOUTH LAWNDALE,253,121,47.8%,37,14.6%,241,95.3%
610384,INFINITY HS,Network 15,District,Traditional,SOUTH LAWNDALE,409,141,34.5%,56,13.7%,379,92.7%
610385,MULTICULTURAL ARTS HS,Network 15,District,Traditional,SOUTH LAWNDALE,276,153,55.4%,45,16.3%,226,81.9%
610386,PEACE AND EDUCATION HS,Options,District,Options,NEW CITY,191,116,60.7%,21,11.0%,161,84.3%
610389,ORR HS,Network 15,District,Traditional,HUMBOLDT PARK,302,93,30.8%,57,18.9%,240,79.5%
610390,RICKOVER MILITARY HS,ISP,District,Traditional,PORTAGE PARK,525,149,28.4%,74,14.1%,372,70.9%
610391,LINDBLOM HS,Network 16,District,Traditional,WEST ENGLEWOOD,"1,290",42,3.3%,88,6.8%,803,62.2%
610392,WORLD LANGUAGE HS,Network 15,District,Traditional,SOUTH LAWNDALE,377,216,57.3%,76,20.2%,351,93.1%
610394,UPLIFT HS,Network 14,District,Traditional,UPTOWN,226,70,31.0%,76,33.6%,203,89.8%
610396,TARKINGTON,Network 10,District,Traditional,CHICAGO LAWN,791,372,47.0%,124,15.7%,676,85.5%
610402,DEVRY HS,Network 14,District,Traditional,LINCOLN SQUARE,152,17,11.2%,7,4.6%,109,71.7%
610405,SUDER,Network 6,District,Traditional,NEAR WEST SIDE,425,22,5.2%,54,12.7%,173,40.7%
610499,COLLINS STEAM HS,Network 15,District,Traditional,NORTH LAWNDALE,198,0,0.0%,45,22.7%,194,98.0%
610503,FRAZIER PROSPECTIVE,ISP,District,Traditional,NORTH LAWNDALE,130,6,4.6%,23,17.7%,112,86.2%
610504,THOMAS,ISP,District,Early Childhood,MCKINLEY PARK,131,85,64.9%,62,47.3%,40,30.5%
610513,AIR FORCE HS,Network 16,District,Traditional,ARMOUR SQUARE,130,37,28.5%,24,18.5%,113,86.9%
610515,DISNEY II ES,Network 14,District,Traditional,IRVING PARK,424,57,13.4%,54,12.7%,124,29.2%
610518,AUSTIN CCA HS,Network 15,District,Traditional,AUSTIN,140,19,13.6%,27,19.3%,123,87.9%
610520,LASALLE II,ISP,District,Traditional,WEST TOWN,594,74,12.5%,100,16.8%,187,31.5%
610521,DAVIS M,ISP,District,Traditional,WEST ENGLEWOOD,121,15,12.4%,37,30.6%,106,87.6%
610523,EDISON PARK,Network 1,District,Traditional,NORWOOD PARK,408,46,11.3%,98,24.0%,69,16.9%
610524,ALCOTT HS,Network 15,District,Traditional,NORTH CENTER,363,121,33.3%,132,36.4%,273,75.2%
610529,OGDEN HS,Network 15,District,Traditional,WEST TOWN,514,89,17.3%,50,9.7%,395,76.8%
610530,SOUTH SHORE ES,Network 12,District,Traditional,SOUTH SHORE,222,2,0.9%,81,36.5%,161,72.5%
610532,HERNANDEZ,ISP,District,Traditional,GAGE PARK,720,328,45.6%,93,12.9%,662,91.9%
610533,PRIETO,Network 3,District,Traditional,BELMONT CRAGIN,731,439,60.1%,116,15.9%,605,82.8%
610534,SKINNER NORTH,Network 4,District,Traditional,NEAR NORTH SIDE,515,13,2.5%,40,7.8%,67,13.0%
610539,CAMRAS,ISP,District,Traditional,BELMONT CRAGIN,701,357,50.9%,135,19.3%,538,76.7%
610541,LORCA,Network 4,District,Traditional,AVONDALE,638,338,53.0%,100,15.7%,515,80.7%
610542,WEST RIDGE,ISP,District,Traditional,WEST RIDGE,683,380,55.6%,132,19.3%,539,78.9%
610543,SOLORIO HS,Network 15,District,Traditional,GAGE PARK,"1,252",455,36.3%,136,10.9%,"1,128",90.1%
610544,AZUELA,Network 10,District,Traditional,WEST LAWN,690,316,45.8%,111,16.1%,530,76.8%
610547,SOUTH SHORE INTL HS,Network 17,District,Traditional,SOUTH SHORE,595,13,2.2%,73,12.3%,499,83.9%
610548,STEM,ISP,District,Traditional,NEAR WEST SIDE,401,56,14.0%,41,10.2%,186,46.4%
610557,PATHWAYS - ASHBURN HS,Options,ALOP,Options,ASHBURN,276,59,21.4%,43,15.6%,248,89.9%
610558,GOODE HS,Network 16,District,Traditional,ASHBURN,967,257,26.6%,169,17.5%,858,88.7%
610559,SHIELDS MIDDLE,Network 8,District,Traditional,BRIGHTON PARK,327,151,46.2%,58,17.7%,312,95.4%
610561,CRANE MEDICAL HS,Network 15,District,Traditional,NEAR WEST SIDE,283,29,10.2%,37,13.1%,261,92.2%
610563,BACK OF THE YARDS HS,ISP,District,Traditional,NEW CITY,"1,015",443,43.6%,96,9.5%,961,94.7%
610564,DISNEY II HS,Network 14,District,Traditional,IRVING PARK,727,107,14.7%,123,16.9%,468,64.4%
610565,EXCEL ENGLEWOOD HS,Options,Contract,Options,ENGLEWOOD,260,2,0.8%,43,16.5%,247,95.0%
610568,PATHWAYS - AVONDALE HS,Options,ALOP,Options,AVONDALE,307,79,25.7%,68,22.1%,282,91.9%
610569,OMBUDSMAN - NORTHWEST HS,Options,ALOP,Options,EDISON PARK,260,56,21.5%,59,22.7%,201,77.3%
610570,OMBUDSMAN - SOUTH HS,Options,ALOP,Options,CHICAGO LAWN,235,53,22.6%,38,16.2%,219,93.2%
610571,OMBUDSMAN - WEST HS,Options,ALOP,Options,NEAR WEST SIDE,197,14,7.1%,30,15.2%,190,96.4%
610572,SAFE ACHIEVE ES,Options,Safe,Options,SOUTH SHORE,7,0,0.0%,3,42.9%,5,71.4%
610573,SAFE ACHIEVE HS,Options,Safe,Options,SOUTH SHORE,23,0,0.0%,3,13.0%,21,91.3%
610586,SADLOWSKI,Network 13,District,Traditional,EAST SIDE,656,309,47.1%,151,23.0%,512,78.0%
610587,DYETT ARTS HS,Network 17,District,Traditional,WASHINGTON PARK,516,12,2.3%,88,17.1%,475,92.1%
610588,RICHARDSON,Network 10,District,Traditional,WEST LAWN,838,350,41.8%,101,12.1%,749,89.4%
610589,SOR JUANA,Network 8,District,Traditional,WEST ELSDON,545,102,18.7%,44,8.1%,257,47.2%
610590,BRONZEVILLE CLASSICAL,Network 9,District,Traditional,GRAND BOULEVARD,457,0,0.0%,15,3.3%,76,16.6%
610592,ENGLEWOOD STEM HS,Network 16,District,Traditional,ENGLEWOOD,631,95,15.1%,127,20.1%,586,92.9%
610593,OMBUDSMAN - ROSELAND HS,Options,ALOP,Options,MORGAN PARK,161,4,2.5%,29,18.0%,147,91.3%
610594,PATHWAYS - HUMBOLDT PARK HS,Options,ALOP,Options,WEST TOWN,144,28,19.4%,23,16.0%,121,84.0%
610595,FISHER,Network 4,District,Early Childhood,LINCOLN PARK,139,24,17.3%,47,33.8%,21,15.1%
610599,CATALPA,Network 1,District,Early Childhood,PORTAGE PARK,223,61,27.4%,62,27.8%,32,14.3%
610601,SAFE ACHIEVE WEST HS,Options,Safe,Options,WEST GARFIELD PARK,24,2,8.3%,6,25.0%,24,100.0%
,,,,,,,,,,,,
,,,,,,,,,,,,
,,,,,,,,,,,,
,,,,,,,,,,,,
,,,,,,,,,,,,
,,,,,,,,,,,,
,,,,,,,,,,,,
,,,,,,,,,,,,
,,,,,,,,,,,,
,,,,,,,,,,,,
,,,,,,,,,,,,
,,,,,,,,,,,,
,,,,,,,,,,,,
,,,,,,,,,,,,
,,,,,,,,,,,,
,,,,,,,,,,,,
,,,,,,,,,,,,
,,,,,,,,,,,,
,,,,,,,,,,,,
,,,,,,,,,,,,
,,,,,,,,,,,,
,,,,,,,,,,,,
,,,,,,,,,,,,
,,,,,,,,,,,,
,,,,,,,,,,,,
,,,,,,,,,,,,
,,,,,,,,,,,,
,,,,,,,,,,,,
,,,,,,,,,,,,
,,,,,,,,,,,,
,,,,,,,,,,,,
,,,,,,,,,,,,
,,,,,,,,,,,,
,,,,,,,,,,,,
,,,,,,,,,,,,
,,,,,,,,,,,,
,,,,,,,,,,,,
,,,,,,,,,,,,
,,,,,,,,,,,,
,,,,,,,,,,,,
,,,,,,,,,,,,
,,,,,,,,,,,,
,,,,,,,,,,,,
,,,,,,,,,,,,
,,,,,,,,,,,,
,,,,,,,,,,,,
,,,,,,,,,,,,
,,,,,,,,,,,,
,,,,,,,,,,,,
,,,,,,,,,,,,
,,,,,,,,,,,,
,,,,,,,,,,,,
,,,,,,,,,,,,
,,,,,,,,,,,,
,,,,,,,,,,,,
,,,,,,,,,,,,
,,,,,,,,,,,,
,,,,,,,,,,,,
,,,,,,,,,,,,
,,,,,,,,,,,,
,,,,,,,,,,,,
,,,,,,,,,,,,
,,,,,,,,,,,,
,,,,,,,,,,,,
,,,,,,,,,,,,
,,,,,,,,,,,,
,,,,,,,,,,,,
,,,,,,,,,,,,
,,,,,,,,,,,,
,,,,,,,,,,,,
,,,,,,,,,,,,
,,,,,,,,,,,,
,,,,,,,,,,,,
,,,,,,,,,,,,
,,,,,,,,,,,,
,,,,,,,,,,,,
,,,,,,,,,,,,
,,,,,,,,,,,,
,,,,,,,,,,,,
,,,,,,,,,,,,
,,,,,,,,,,,,
,,,,,,,,,,,,
,,,,,,,,,,,,
,,,,,,,,,,,,
,,,,,,,,,,,,
,,,,,,,,,,,,
,,,,,,,,,,,,
,,,,,,,,,,,,
,,,,,,,,,,,,
,,,,,,,,,,,,
,,,,,,,,,,,,
,,,,,,,,,,,,
,,,,,,,,,,,,
,,,,,,,,,,,,
,,,,,,,,,,,,
,,,,,,,,,,,,
,,,,,,,,,,,,
,,,,,,,,,,,,
,,,,,,,,,,,,
,,,,,,,,,,,,
,,,,,,,,,,,,
,,,,,,,,,,,,
,,,,,,,,,,,,
,,,,,,,,,,,,
,,,,,,,,,,,,
,,,,,,,,,,,,
,,,,,,,,,,,,
,,,,,,,,,,,,
,,,,,,,,,,,,
,,,,,,,,,,,,
,,,,,,,,,,,,
,,,,,,,,,,,,
,,,,,,,,,,,,
,,,,,,,,,,,,
,,,,,,,,,,,,
,,,,,,,,,,,,
,,,,,,,,,,,,
,,,,,,,,,,,,
,,,,,,,,,,,,
,,,,,,,,,,,,
,,,,,,,,,,,,
,,,,,,,,,,,,
,,,,,,,,,,,,
,,,,,,,,,,,,
,,,,,,,,,,,,
,,,,,,,,,,,,
,,,,,,,,,,,,
,,,,,,,,,,,,
,,,,,,,,,,,,
,,,,,,,,,,,,
,,,,,,,,,,,,
,,,,,,,,,,,,
,,,,,,,,,,,,
,,,,,,,,,,,,
,,,,,,,,,,,,
,,,,,,,,,,,,
,,,,,,,,,,,,
,,,,,,,,,,,,
,,,,,,,,,,,,
,,,,,,,,,,,,
,,,,,,,,,,,,
,,,,,,,,,,,,
,,,,,,,,,,,,
,,,,,,,,,,,,
,,,,,,,,,,,,
,,,,,,,,,,,,
,,,,,,,,,,,,
,,,,,,,,,,,,
,,,,,,,,,,,,
,,,,,,,,,,,,
,,,,,,,,,,,,
,,,,,,,,,,,,
,,,,,,,,,,,,
,,,,,,,,,,,,
,,,,,,,,,,,,
,,,,,,,,,,,,
,,,,,,,,,,,,
,,,,,,,,,,,,
,,,,,,,,,,,,
,,,,,,,,,,,,
,,,,,,,,,,,,
,,,,,,,,,,,,
,,,,,,,,,,,,
,,,,,,,,,,,,
,,,,,,,,,,,,
,,,,,,,,,,,,
,,,,,,,,,,,,
,,,,,,,,,,,,
,,,,,,,,,,,,
,,,,,,,,,,,,
,,,,,,,,,,,,
,,,,,,,,,,,,
,,,,,,,,,,,,
,,,,,,,,,,,,
,,,,,,,,,,,,
,,,,,,,,,,,,
,,,,,,,,,,,,
,,,,,,,,,,,,
,,,,,,,,,,,,
,,,,,,,,,,,,
,,,,,,,,,,,,
,,,,,,,,,,,,
,,,,,,,,,,,,
,,,,,,,,,,,,
,,,,,,,,,,,,
,,,,,,,,,,,,
,,,,,,,,,,,,
,,,,,,,,,,,,
,,,,,,,,,,,,
,,,,,,,,,,,,
,,,,,,,,,,,,
,,,,,,,,,,,,
,,,,,,,,,,,,
,,,,,,,,,,,,
,,,,,,,,,,,,
,,,,,,,,,,,,
,,,,,,,,,,,,
,,,,,,,,,,,,
,,,,,,,,,,,,
,,,,,,,,,,,,
,,,,,,,,,,,,
,,,,,,,,,,,,
,,,,,,,,,,,,
,,,,,,,,,,,,
,,,,,,,,,,,,
,,,,,,,,,,,,
,,,,,,,,,,,,
,,,,,,,,,,,,
,,,,,,,,,,,,
,,,,,,,,,,,,
,,,,,,,,,,,,
,,,,,,,,,,,,
,,,,,,,,,,,,
,,,,,,,,,,,,
,,,,,,,,,,,,
,,,,,,,,,,,,
,,,,,,,,,,,,
,,,,,,,,,,,,
,,,,,,,,,,,,
,,,,,,,,,,,,
,,,,,,,,,,,,
,,,,,,,,,,,,
,,,,,,,,,,,,
,,,,,,,,,,,,
,,,,,,,,,,,,
,,,,,,,,,,,,
,,,,,,,,,,,,
,,,,,,,,,,,,
,,,,,,,,,,,,
,,,,,,,,,,,,
,,,,,,,,,,,,
,,,,,,,,,,,,
,,,,,,,,,,,,
,,,,,,,,,,,,
,,,,,,,,,,,,
,,,,,,,,,,,,
,,,,,,,,,,,,
,,,,,,,,,,,,
,,,,,,,,,,,,
,,,,,,,,,,,,
,,,,,,,,,,,,
,,,,,,,,,,,,
,,,,,,,,,,,,
,,,,,,,,,,,,
,,,,,,,,,,,,
,,,,,,,,,,,,
,,,,,,,,,,,,
,,,,,,,,,,,,
,,,,,,,,,,,,
,,,,,,,,,,,,
,,,,,,,,,,,,
,,,,,,,,,,,,
,,,,,,,,,,,,
,,,,,,,,,,,,
,,,,,,,,,,,,
,,,,,,,,,,,,
,,,,,,,,,,,,
,,,,,,,,,,,,
,,,,,,,,,,,,
,,,,,,,,,,,,
,,,,,,,,,,,,
,,,,,,,,,,,,
,,,,,,,,,,,,
,,,,,,,,,,,,
,,,,,,,,,,,,
,,,,,,,,,,,,
,,,,,,,,,,,,
,,,,,,,,,,,,
,,,,,,,,,,,,
,,,,,,,,,,,,
,,,,,,,,,,,,
,,,,,,,,,,,,
,,,,,,,,,,,,
,,,,,,,,,,,,
,,,,,,,,,,,,
,,,,,,,,,,,,
,,,,,,,,,,,,
,,,,,,,,,,,,
,,,,,,,,,,,,
,,,,,,,,,,,,
,,,,,,,,,,,,
,,,,,,,,,,,,
,,,,,,,,,,,,
,,,,,,,,,,,,
,,,,,,,,,,,,
,,,,,,,,,,,,
,,,,,,,,,,,,
,,,,,,,,,,,,
,,,,,,,,,,,,
,,,,,,,,,,,,
,,,,,,,,,,,,
,,,,,,,,,,,,
,,,,,,,,,,,,
,,,,,,,,,,,,
,,,,,,,,,,,,
,,,,,,,,,,,,
,,,,,,,,,,,,
,,,,,,,,,,,,
,,,,,,,,,,,,
,,,,,,,,,,,,
,,,,,,,,,,,,
,,,,,,,,,,,,
,,,,,,,,,,,,
,,,,,,,,,,,,
,,,,,,,,,,,,
,,,,,,,,,,,,
,,,,,,,,,,,,
,,,,,,,,,,,,
,,,,,,,,,,,,
,,,,,,,,,,,,
,,,,,,,,,,,,
,,,,,,,,,,,,
,,,,,,,,,,,,
,,,,,,,,,,,,
,,,,,,,,,,,,
,,,,,,,,,,,,
,,,,,,,,,,,,
,,,,,,,,,,,,
,,,,,,,,,,,,
,,,,,,,,,,,,
,,,,,,,,,,,,
,,,,,,,,,,,,
,,,,,,,,,,,,
,,,,,,,,,,,,
,,,,,,,,,,,,
,,,,,,,,,,,,
,,,,,,,,,,,,
,,,,,,,,,,,,
,,,,,,,,,,,,
,,,,,,,,,,,,
,,,,,,,,,,,,
,,,,,,,,,,,,
,,,,,,,,,,,,
,,,,,,,,,,,,
,,,,,,,,,,,,
,,,,,,,,,,,,
,,,,,,,,,,,,
,,,,,,,,,,,,
,,,,,,,,,,,,
,,,,,,,,,,,,
,,,,,,,,,,,,
,,,,,,,,,,,,
,,,,,,,,,,,,
,,,,,,,,,,,,
,,,,,,,,,,,,
,,,,,,,,,,,,
,,,,,,,,,,,,
,,,,,,,,,,,,
,,,,,,,,,,,,
,,,,,,,,,,,,
,,,,,,,,,,,,